{
  "split_mnist": {
    "accuracy_matrix": [
      [
        0.525,
        0.0,
        0.0,
        0.0,
        0.0
      ],
      [
        0.525,
        0.455,
        0.0,
        0.0,
        0.0
      ],
      [
        0.645,
        0.515,
        0.455,
        0.0,
        0.0
      ],
      [
        0.485,
        0.505,
        0.525,
        0.52,
        0.0
      ],
      [
        0.415,
        0.415,
        0.5,
        0.375,
        0.43
      ]
    ],
    "avg_accuracy": 0.42700000000000005,
    "avg_bwt": -0.06250000000000003,
    "per_task_final": [
      0.415,
      0.415,
      0.5,
      0.375,
      0.43
    ]
  },
  "permuted_mnist": {
    "accuracy_matrix": [
      [
        0.13,
        0.0,
        0.0,
        0.0,
        0.0
      ],
      [
        0.085,
        0.09,
        0.0,
        0.0,
        0.0
      ],
      [
        0.11,
        0.16,
        0.1,
        0.0,
        0.0
      ],
      [
        0.115,
        0.075,
        0.075,
        0.07,
        0.0
      ],
      [
        0.085,
        0.06,
        0.135,
        0.07,
        0.135
      ]
    ],
    "avg_accuracy": 0.097,
    "avg_bwt": -0.009999999999999998,
    "per_task_final": [
      0.085,
      0.06,
      0.135,
      0.07,
      0.135
    ]
  },
  "classification_head_diagnostic": 0.495,
  "config": {
    "max_samples": 200,
    "n_permuted_tasks": 5
  }
}