{
  "split_mnist": {
    "accuracy_matrix": [
      [
        0.51,
        0.0,
        0.0,
        0.0,
        0.0
      ],
      [
        0.5,
        0.555,
        0.0,
        0.0,
        0.0
      ],
      [
        0.56,
        0.505,
        0.445,
        0.0,
        0.0
      ],
      [
        0.72,
        0.455,
        0.535,
        0.505,
        0.0
      ],
      [
        0.71,
        0.515,
        0.58,
        0.525,
        0.565
      ]
    ],
    "avg_accuracy": 0.579,
    "avg_bwt": 0.07874999999999997,
    "per_task_final": [
      0.71,
      0.515,
      0.58,
      0.525,
      0.565
    ]
  },
  "permuted_mnist": {
    "accuracy_matrix": [
      [
        0.105,
        0.0,
        0.0,
        0.0,
        0.0
      ],
      [
        0.115,
        0.125,
        0.0,
        0.0,
        0.0
      ],
      [
        0.075,
        0.1,
        0.065,
        0.0,
        0.0
      ],
      [
        0.11,
        0.11,
        0.09,
        0.085,
        0.0
      ],
      [
        0.105,
        0.055,
        0.09,
        0.085,
        0.1
      ]
    ],
    "avg_accuracy": 0.08700000000000001,
    "avg_bwt": -0.011250000000000003,
    "per_task_final": [
      0.105,
      0.055,
      0.09,
      0.085,
      0.1
    ]
  },
  "config": {
    "max_samples": 200,
    "n_permuted_tasks": 5
  }
}