{
  "split_mnist": {
    "accuracy_matrix": [
      [
        0.36,
        0.0,
        0.0,
        0.0,
        0.0
      ],
      [
        0.26,
        0.265,
        0.0,
        0.0,
        0.0
      ],
      [
        0.465,
        0.045,
        0.09,
        0.0,
        0.0
      ],
      [
        0.215,
        0.225,
        0.29,
        0.335,
        0.0
      ],
      [
        0.57,
        0.53,
        0.495,
        0.53,
        0.465
      ]
    ],
    "avg_accuracy": 0.518,
    "avg_bwt": 0.26875,
    "per_task_final": [
      0.57,
      0.53,
      0.495,
      0.53,
      0.465
    ]
  },
  "permuted_mnist": {
    "accuracy_matrix": [
      [
        0.08,
        0.0,
        0.0
      ],
      [
        0.11,
        0.075,
        0.0
      ],
      [
        0.1,
        0.13,
        0.125
      ]
    ],
    "avg_accuracy": 0.11833333333333333,
    "avg_bwt": 0.037500000000000006,
    "per_task_final": [
      0.1,
      0.13,
      0.125
    ]
  },
  "config": {
    "max_samples": 200,
    "n_permuted_tasks": 3
  }
}