{
  "config": {
    "n_train_repeats": 500,
    "n_test_probes": 50,
    "seed": 42,
    "skip_baselines": true,
    "embed_dim": 32,
    "concept_dim": 32,
    "n_hidden": 32,
    "n_layers": 3,
    "sleep_interval": 100
  },
  "rlm": {
    "baseline_a": {
      "top1_accuracy": 0.0,
      "top10_accuracy": 0.0,
      "n_tested": 7
    },
    "baseline_b": {
      "top1_accuracy": 0.0,
      "top10_accuracy": 0.0,
      "n_tested": 7
    },
    "post_train_a_on_a": {
      "top1_accuracy": 0.14285714285714285,
      "top10_accuracy": 0.42857142857142855,
      "n_tested": 7
    },
    "post_train_a_on_b": {
      "top1_accuracy": 0.0,
      "top10_accuracy": 0.5714285714285714,
      "n_tested": 7
    },
    "post_train_b_on_a": {
      "top1_accuracy": 0.14285714285714285,
      "top10_accuracy": 0.42857142857142855,
      "n_tested": 7
    },
    "post_train_b_on_b": {
      "top1_accuracy": 0.0,
      "top10_accuracy": 0.5714285714285714,
      "n_tested": 7
    },
    "post_sleep_a": {
      "top1_accuracy": 0.14285714285714285,
      "top10_accuracy": 0.42857142857142855,
      "n_tested": 7
    },
    "post_sleep_b": {
      "top1_accuracy": 0.0,
      "top10_accuracy": 0.5714285714285714,
      "n_tested": 7
    },
    "graph_after_a": {
      "n_nodes": 384,
      "n_edges": 42717,
      "n_shortcut_edges": 768,
      "n_inferred_edges": 13,
      "relation_types": {
        "causal": 415,
        "semantic": 42289,
        "inferred": 13
      },
      "mean_edge_weight": 0.13410928723916,
      "max_edge_weight": 1.1856178616288857,
      "sleep_cycles": 422,
      "conceptual_accuracy": 0.10278391693694662
    },
    "graph_after_b": {
      "n_nodes": 384,
      "n_edges": 42848,
      "n_shortcut_edges": 1139,
      "n_inferred_edges": 11,
      "relation_types": {
        "causal": 663,
        "semantic": 42174,
        "inferred": 11
      },
      "mean_edge_weight": 0.13713145471308835,
      "max_edge_weight": 1.1856178616288857,
      "sleep_cycles": 854,
      "conceptual_accuracy": 0.050000000000000086
    },
    "graph_after_sleep": {
      "n_nodes": 384,
      "n_edges": 42847,
      "n_shortcut_edges": 1139,
      "n_inferred_edges": 11,
      "relation_types": {
        "causal": 663,
        "semantic": 42173,
        "inferred": 11
      },
      "mean_edge_weight": 0.14089429120538344,
      "max_edge_weight": 1.1856178616288857,
      "sleep_cycles": 857,
      "conceptual_accuracy": 0.050000000000000086
    },
    "transfer_probes": {
      "probes": [
        {
          "input": "kindness causes ",
          "expected": "trust",
          "expected_char": "t",
          "predicted": "w",
          "correct": false,
          "in_top10": false,
          "top5": [
            "w",
            "h",
            "s",
            "f",
            "e"
          ],
          "description": "B vocab + A causal pattern"
        },
        {
          "input": "anger produces ",
          "expected": "conflict",
          "expected_char": "c",
          "predicted": "w",
          "correct": false,
          "in_top10": true,
          "top5": [
            "w",
            "s",
            "h",
            "f",
            "e"
          ],
          "description": "'produces' from A, B vocab"
        },
        {
          "input": "sharing enables ",
          "expected": "friendship",
          "expected_char": "f",
          "predicted": "w",
          "correct": false,
          "in_top10": true,
          "top5": [
            "w",
            "s",
            "h",
            "m",
            "e"
          ],
          "description": "'enables' from A, B vocab"
        },
        {
          "input": "heat causes ",
          "expected": "expansion",
          "expected_char": "e",
          "predicted": "s",
          "correct": false,
          "in_top10": true,
          "top5": [
            "s",
            "h",
            "w",
            "e",
            "f"
          ],
          "description": "pure A recall"
        },
        {
          "input": "trust is ",
          "expected": "fragile",
          "expected_char": "f",
          "predicted": "s",
          "correct": false,
          "in_top10": true,
          "top5": [
            "s",
            "h",
            "l",
            "f",
            "e"
          ],
          "description": "pure B recall"
        },
        {
          "input": "friction produces ",
          "expected": "heat",
          "expected_char": "h",
          "predicted": "w",
          "correct": false,
          "in_top10": true,
          "top5": [
            "w",
            "m",
            "f",
            "v",
            "c"
          ],
          "description": "pure A recall (held out)"
        },
        {
          "input": "patience creates ",
          "expected": "understanding",
          "expected_char": "u",
          "predicted": "w",
          "correct": false,
          "in_top10": false,
          "top5": [
            "w",
            "m",
            "s",
            "f",
            "e"
          ],
          "description": "pure B recall (held out)"
        }
      ],
      "top1_accuracy": 0.0,
      "top10_accuracy": 0.7142857142857143
    },
    "post_sleep_probes": {
      "probes": [
        {
          "input": "kindness causes ",
          "expected": "trust",
          "expected_char": "t",
          "predicted": "w",
          "correct": false,
          "in_top10": false,
          "top5": [
            "w",
            "h",
            "s",
            "f",
            "e"
          ],
          "description": "B vocab + A causal pattern"
        },
        {
          "input": "anger produces ",
          "expected": "conflict",
          "expected_char": "c",
          "predicted": "w",
          "correct": false,
          "in_top10": true,
          "top5": [
            "w",
            "s",
            "h",
            "f",
            "e"
          ],
          "description": "'produces' from A, B vocab"
        },
        {
          "input": "sharing enables ",
          "expected": "friendship",
          "expected_char": "f",
          "predicted": "w",
          "correct": false,
          "in_top10": true,
          "top5": [
            "w",
            "s",
            "h",
            "m",
            "e"
          ],
          "description": "'enables' from A, B vocab"
        },
        {
          "input": "heat causes ",
          "expected": "expansion",
          "expected_char": "e",
          "predicted": "s",
          "correct": false,
          "in_top10": true,
          "top5": [
            "s",
            "h",
            "w",
            "e",
            "f"
          ],
          "description": "pure A recall"
        },
        {
          "input": "trust is ",
          "expected": "fragile",
          "expected_char": "f",
          "predicted": "s",
          "correct": false,
          "in_top10": true,
          "top5": [
            "s",
            "h",
            "l",
            "f",
            "e"
          ],
          "description": "pure B recall"
        },
        {
          "input": "friction produces ",
          "expected": "heat",
          "expected_char": "h",
          "predicted": "w",
          "correct": false,
          "in_top10": true,
          "top5": [
            "w",
            "m",
            "f",
            "v",
            "c"
          ],
          "description": "pure A recall (held out)"
        },
        {
          "input": "patience creates ",
          "expected": "understanding",
          "expected_char": "u",
          "predicted": "w",
          "correct": false,
          "in_top10": false,
          "top5": [
            "w",
            "m",
            "s",
            "f",
            "e"
          ],
          "description": "pure B recall (held out)"
        }
      ],
      "top1_accuracy": 0.0,