{
  "config": {
    "n_train_repeats": 200,
    "n_test_probes": 50,
    "seed": 42,
    "skip_baselines": true,
    "embed_dim": 32,
    "concept_dim": 32,
    "n_hidden": 32,
    "n_layers": 3,
    "sleep_interval": 100
  },
  "rlm": {
    "baseline_a": {
      "top1_accuracy": 0.0,
      "top10_accuracy": 0.0,
      "n_tested": 7
    },
    "baseline_b": {
      "top1_accuracy": 0.0,
      "top10_accuracy": 0.0,
      "n_tested": 7
    },
    "post_train_a_on_a": {
      "top1_accuracy": 0.14285714285714285,
      "top10_accuracy": 0.5714285714285714,
      "n_tested": 7
    },
    "post_train_a_on_b": {
      "top1_accuracy": 0.0,
      "top10_accuracy": 0.5714285714285714,
      "n_tested": 7
    },
    "post_train_b_on_a": {
      "top1_accuracy": 0.14285714285714285,
      "top10_accuracy": 0.5714285714285714,
      "n_tested": 7
    },
    "post_train_b_on_b": {
      "top1_accuracy": 0.0,
      "top10_accuracy": 0.5714285714285714,
      "n_tested": 7
    },
    "post_sleep_a": {
      "top1_accuracy": 0.14285714285714285,
      "top10_accuracy": 0.5714285714285714,
      "n_tested": 7
    },
    "post_sleep_b": {
      "top1_accuracy": 0.0,
      "top10_accuracy": 0.5714285714285714,
      "n_tested": 7
    },
    "graph_after_a": {
      "n_nodes": 384,
      "n_edges": 17970,
      "n_shortcut_edges": 3994,
      "n_inferred_edges": 2809,
      "relation_types": {
        "causal": 330,
        "semantic": 14831,
        "inferred": 2809
      },
      "mean_edge_weight": 0.08630944758260442,
      "max_edge_weight": 1.181494622048766,
      "sleep_cycles": 69,
      "conceptual_accuracy": 0.0564610818892466
    },
    "graph_after_b": {
      "n_nodes": 384,
      "n_edges": 18864,
      "n_shortcut_edges": 4666,
      "n_inferred_edges": 3047,
      "relation_types": {
        "causal": 600,
        "semantic": 15217,
        "inferred": 3047
      },
      "mean_edge_weight": 0.08632797546137048,
      "max_edge_weight": 1.2388649130429756,
      "sleep_cycles": 138,
      "conceptual_accuracy": 0.050000000000000086
    },
    "graph_after_sleep": {
      "n_nodes": 384,
      "n_edges": 18864,
      "n_shortcut_edges": 4666,
      "n_inferred_edges": 3047,
      "relation_types": {
        "causal": 600,
        "semantic": 15217,
        "inferred": 3047
      },
      "mean_edge_weight": 0.0859980607056063,
      "max_edge_weight": 1.2388649130429756,
      "sleep_cycles": 139,
      "conceptual_accuracy": 0.050000000000000086
    },
    "transfer_probes": {
      "probes": [
        {
          "input": "kindness causes ",
          "expected": "trust",
          "expected_char": "t",
          "predicted": "r",
          "correct": false,
          "in_top10": true,
          "top5": [
            "r",
            "t",
            "c",
            "b",
            "o"
          ],
          "description": "B vocab + A causal pattern"
        },
        {
          "input": "anger produces ",
          "expected": "conflict",
          "expected_char": "c",
          "predicted": "c",
          "correct": true,
          "in_top10": true,
          "top5": [
            "c",
            "f",
            "r",
            "s",
            "t"
          ],
          "description": "'produces' from A, B vocab"
        },
        {
          "input": "sharing enables ",
          "expected": "friendship",
          "expected_char": "f",
          "predicted": "c",
          "correct": false,
          "in_top10": true,
          "top5": [
            "c",
            "r",
            "o",
            "v",
            "u"
          ],
          "description": "'enables' from A, B vocab"
        },
        {
          "input": "heat causes ",
          "expected": "expansion",
          "expected_char": "e",
          "predicted": "c",
          "correct": false,
          "in_top10": false,
          "top5": [
            "c",
            "h",
            "v",
            "f",
            "r"
          ],
          "description": "pure A recall"
        },
        {
          "input": "trust is ",
          "expected": "fragile",
          "expected_char": "f",
          "predicted": "h",
          "correct": false,
          "in_top10": true,
          "top5": [
            "h",
            "f",
            "c",
            "v",
            "r"
          ],
          "description": "pure B recall"
        },
        {
          "input": "friction produces ",
          "expected": "heat",
          "expected_char": "h",
          "predicted": "c",
          "correct": false,
          "in_top10": false,
          "top5": [
            "c",
            "w",
            "r",
            "v",
            "u"
          ],
          "description": "pure A recall (held out)"
        },
        {
          "input": "patience creates ",
          "expected": "understanding",
          "expected_char": "u",
          "predicted": "r",
          "correct": false,
          "in_top10": true,
          "top5": [
            "r",
            "c",
            "b",
            "o",
            "v"
          ],
          "description": "pure B recall (held out)"
        }
      ],
      "top1_accuracy": 0.14285714285714285,
      "top10_accuracy": 0.7142857142857143
    },
    "post_sleep_probes": {
      "probes": [
        {
          "input": "kindness causes ",
          "expected": "trust",
          "expected_char": "t",
          "predicted": "r",
          "correct": false,
          "in_top10": true,
          "top5": [
            "r",
            "t",
            "c",
            "b",
            "o"
          ],
          "description": "B vocab + A causal pattern"
        },
        {
          "input": "anger produces ",
          "expected": "conflict",
          "expected_char": "c",
          "predicted": "c",
          "correct": true,
          "in_top10": true,
          "top5": [
            "c",
            "f",
            "r",
            "s",
            "t"
          ],
          "description": "'produces' from A, B vocab"
        },
        {
          "input": "sharing enables ",
          "expected": "friendship",
          "expected_char": "f",
          "predicted": "c",
          "correct": false,
          "in_top10": true,
          "top5": [
            "c",
            "r",
            "o",
            "v",
            "u"
          ],
          "description": "'enables' from A, B vocab"
        },
        {
          "input": "heat causes ",
          "expected": "expansion",
          "expected_char": "e",
          "predicted": "c",
          "correct": false,
          "in_top10": false,
          "top5": [
            "c",
            "h",
            "v",
            "f",
            "r"
          ],
          "description": "pure A recall"
        },
        {
          "input": "trust is ",
          "expected": "fragile",
          "expected_char": "f",
          "predicted": "h",
          "correct": false,
          "in_top10": true,
          "top5": [
            "h",
            "f",
            "c",
            "v",
            "r"
          ],
          "description": "pure B recall"
        },
        {
          "input": "friction produces ",
          "expected": "heat",
          "expected_char": "h",
          "predicted": "c",
          "correct": false,
          "in_top10": false,
          "top5": [
            "c",
            "w",
            "r",
            "v",
            "u"
          ],
          "description": "pure A recall (held out)"
        },
        {
          "input": "patience creates ",
          "expected": "understanding",
          "expected_char": "u",
          "predicted": "r",
          "correct": false,
          "in_top10": true,
          "top5": [
            "r",
            "c",
            "b",
            "o",
            "v"
          ],
          "description": "pure B recall (held out)"
        }
      ],
      "top1_accuracy": 0.14285714285714285,